1,56273,0,0,0,0
2,56576,0,0,0,0
3,56879,0,0,0,0
4,57182,0,0,0,0
5,57485,0,0,0,0
6,57788,0,0,0,0
7,58091,0,0,0,0
8,58394,0,0,0,0
9,58697,0,0,0,0
10,59000,0,0,0,0
11,59303,0,0,218,0
12,59606,0,0,218,0
13,59909,0,0,218,0
14,60212,0,0,218,215
15,60515,0,0,218,1128
16,60818,0,0,218,1330
17,61121,0,0,218,1345
18,61424,0,0,218,1345
19,61727,1,0,218,1310
20,62030,1,0,218,1266
21,62333,1,0,218,1262
22,62636,1,0,218,1230
23,62939,1,0,218,1230
24,63242,1,0,218,1200
25,63545,3,0,218,1185
26,63848,3,0,218,1149
27,64151,3,0,218,1134
28,64454,3,0,218,1101
29,64757,3,0,218,1101
30,65060,3,0,218,1077
31,65363,7,0,218,1074
32,65666,7,0,218,1071
33,65969,7,0,218,1056
34,66272,7,0,218,1045
35,66575,7,0,218,1049
36,66878,7,0,218,1042
37,67181,11,0,218,1031
38,67484,11,0,218,1039
39,67787,11,0,218,1031
40,68090,11,0,218,1005
41,68393,11,0,218,1011
42,68696,11,0,218,1006
43,68999,16,0,218,1007
44,69302,16,0,218,1015
45,69605,16,0,218,996
46,69908,16,0,218,989
47,70211,16,0,218,966
48,70514,16,0,218,921
49,70817,21,0,218,902
50,71120,21,0,218,922
51,71423,21,0,218,927
52,71726,21,0,218,915
53,72029,21,0,218,907
54,72332,21,0,218,913
55,72635,26,0,218,950
56,72938,26,0,218,1005
57,73241,26,0,218,1020
58,73544,26,0,218,1020
59,73847,26,0,218,1064
60,74150,26,0,218,1086
61,74453,30,0,218,1078
62,74756,30,0,218,1101
63,75059,30,0,218,1110
64,75362,30,0,218,1094
65,75665,30,0,218,1117
66,75968,30,0,218,1125
67,76271,33,0,218,1123
68,76574,33,0,218,1133
69,76877,33,0,218,1139
70,77180,33,0,218,1135
71,77483,33,0,218,1129
72,77786,33,0,218,1151
73,78089,37,0,218,1163
74,78392,37,0,218,1151
75,78695,37,0,218,1172
76,78998,37,0,218,1190
77,79301,37,0,218,1180
78,79604,37,0,218,1209
79,79907,40,0,218,1196
80,80210,40,0,218,1152
81,80513,40,0,218,1157
82,80816,40,0,218,1166
83,81119,40,0,218,1163
84,81422,40,0,218,1187
85,81725,42,0,218,1232
86,82028,42,0,218,1240
87,82331,42,0,218,1260
88,82634,42,0,218,1280
89,82937,42,0,218,1267
90,83240,42,0,218,1283
91,83543,45,0,218,1292
92,83846,45,0,218,1282
93,84149,45,0,218,1302
94,84452,45,0,218,1290
95,84755,45,0,218,1299
96,85058,45,0,218,1317
97,85361,47,0,218,1317
98,85664,47,0,218,1339
99,85967,47,0,218,1318
100,86270,47,0,218,1315
101,86573,47,0,218,1313
102,86876,47,0,218,1297
103,87179,48,0,218,1302
104,87482,48,0,218,1319
105,87785,48,0,218,1318
106,88088,48,0,218,1317
107,88391,48,0,218,1327
108,88694,48,0,218,1311
109,88997,50,0,218,1328
110,89300,50,0,218,1330
111,89603,50,0,218,1317
112,89906,50,0,218,1336
113,90209,50,0,218,1326
114,90512,50,0,218,1338
115,90815,51,0,218,1335
116,91118,51,0,218,1321
117,91421,51,0,218,1316
118,91724,51,0,218,1305
119,92027,51,0,218,1298
120,92330,51,0,218,1287
121,92633,52,0,218,1307
122,92936,52,0,218,1299
123,93239,52,0,218,1294
124,93542,52,0,218,1316
125,93845,52,0,218,1310
126,94148,52,0,218,1318
127,94451,53,0,218,1329
128,94754,53,0,218,1312
129,95057,53,0,218,1330
130,95360,53,0,218,1337
131,95663,53,0,218,1319
132,95966,53,0,218,1341
133,96269,54,0,218,1344
134,96572,54,0,218,1321
135,96875,54,0,218,1344
136,97178,54,0,218,1338
137,97481,54,0,218,1350
138,97784,54,0,218,1355
139,98087,54,0,218,1333
140,98390,54,0,218,1358
141,98693,54,0,218,1390
142,98996,54,0,218,1392
143,99299,54,0,218,1410
144,99602,54,0,218,1409
145,99905,54,0,218,1418
146,100208,54,0,218,1420
147,100511,54,0,218,1401
148,100814,54,0,218,1418
149,101117,54,0,218,1415
150,101420,54,0,218,1399
151,101723,55,0,218,1424
152,102026,55,0,218,1425
153,102329,55,0,218,1416
154,102632,55,0,218,1426
155,102935,55,0,218,1413
156,103238,55,0,218,1420
157,103541,55,0,218,1432
158,103844,55,0,218,1415
159,104147,55,0,218,1429
160,104450,55,0,218,1428
161,104753,55,0,218,1421
162,105056,55,0,218,1431
163,105359,55,0,218,1417
164,105662,55,0,218,1429
165,105965,55,0,218,1428
166,106268,55,0,218,1408
167,106571,55,0,218,1430
168,106874,55,0,218,1422
169,107177,55,0,218,1435
170,107480,55,0,218,1434
171,107783,55,0,218,1430
172,108086,55,0,218,1444
173,108389,55,0,218,1427
174,108692,55,0,218,1438
175,108995,55,0,218,1434
176,109298,55,0,218,1420
177,109601,55,0,218,1447
178,109904,55,0,218,1438
179,110207,55,0,218,1456
180,110510,55,0,218,1457
181,110813,56,0,218,1422
182,111116,56,0,218,1443
183,111419,56,0,218,1453
184,111722,56,0,218,1434
185,112025,56,0,218,1440
186,112328,56,0,218,1430
187,112631,56,0,218,1434
188,112934,56,0,218,1437
189,113237,56,0,218,1427
190,113540,56,0,218,1448
191,113843,56,0,218,1452
192,114146,56,0,218,1437
193,114449,56,0,218,1453
194,114752,56,0,218,1445
195,115055,56,0,218,1435
196,115358,56,0,218,1443
197,115661,56,0,218,1428
198,115964,56,0,218,1451
199,116267,56,0,218,1469
200,116570,56,0,218,1451
201,116873,56,0,218,1464
202,117176,56,0,218,1443
203,117479,56,0,218,1424
204,117782,56,0,218,1444
205,118085,56,0,218,1432
206,118388,56,0,218,1437
207,118691,56,0,218,1447
208,118994,56,0,218,1435
209,119297,56,0,218,1453
210,119600,56,0,218,1473
211,119903,56,0,218,1452
212,120206,56,0,218,1470
213,120509,56,0,218,1461
214,120812,56,0,218,1454
215,121115,56,0,218,1470
216,121418,56,0,218,1448
217,121721,56,0,218,1468
218,122024,56,0,218,1462
219,122327,56,0,218,1457
220,122630,56,0,218,1466
221,122933,56,0,218,1444
222,123236,56,0,218,1465
223,123539,56,0,218,1451
224,123842,56,0,218,1460
225,124145,56,0,218,1464
226,124448,56,0,218,1438
227,124751,56,0,218,1454
228,125054,56,0,218,1460
229,125357,56,0,218,1447
230,125660,56,0,218,1469
231,125963,56,0,218,1462
232,126266,56,0,218,1453
233,126569,56,0,218,1461
234,126872,56,0,218,1451
235,127175,57,0,218,1463
236,127478,57,0,218,1459
237,127781,57,0,218,1460
238,128084,57,0,218,1468
239,128387,57,0,218,1450
240,128690,57,0,218,1460
241,128993,57,0,218,1463
242,129296,57,0,218,1452
243,129599,57,0,218,1476
244,129902,57,0,218,1463
245,130205,57,0,218,1476
246,130508,57,0,218,1468
247,130811,57,0,218,1465
248,131114,57,0,218,1476
249,131417,57,0,218,1456
250,131720,57,0,218,1468
251,132023,57,0,218,1455
252,132326,57,0,218,1466
253,132629,57,0,218,1473
254,132932,57,0,218,1447
255,133235,57,0,218,1470
256,133538,57,0,218,1456
257,133841,57,0,218,1467
258,134144,57,0,218,1466
259,134447,57,0,218,1476
260,134750,57,0,218,1481
261,135053,57,0,218,1467
262,135356,57,0,218,1473
263,135659,57,0,218,1454
264,135962,57,0,218,1475
265,136265,57,0,218,1473
266,136568,57,0,218,1483
267,136871,57,0,218,1473
268,137174,57,0,218,1464
269,137477,57,0,218,1479
270,137780,57,0,218,1462
271,138083,57,0,218,1478
272,138386,57,0,218,1478
273,138689,57,0,218,1466
274,138992,57,0,218,1471
275,139295,57,0,218,1457
276,139598,57,0,218,1467
277,139901,57,0,218,1474
278,140204,57,0,218,1454
279,140507,57,0,218,1469
280,140810,57,0,218,1456
281,141113,57,0,218,1457
282,141416,57,0,218,1468
283,141719,57,0,218,1448
284,142022,57,0,218,1468
285,142325,57,0,218,1448
286,142628,57,0,218,1457
287,142931,57,0,218,1463
288,143234,57,0,218,1451
289,143537,57,0,218,1473
290,143840,57,0,218,1463
291,144143,57,0,218,1480
292,144446,57,0,218,1466
293,144749,57,0,218,1482
294,145052,57,0,218,1474
295,145355,58,0,218,1473
296,145658,58,0,218,1470
297,145961,58,0,218,1453
298,146264,58,0,218,1479
299,146567,58,0,218,1461
300,146870,58,0,218,1476
301,147173,58,0,218,1469
302,147476,58,0,218,1472
303,147779,58,0,218,1473
304,148082,58,0,218,1459
305,148385,58,0,218,1486
306,148688,58,0,218,1478
307,148991,58,0,218,1484
308,149294,58,0,218,1479
309,149597,58,0,218,1472
310,149900,58,0,218,1483
311,150203,58,0,218,1466
312,150506,58,0,218,1483
313,150809,58,0,218,1477
314,151112,58,0,218,1478
315,151415,58,0,218,1476
316,151718,58,0,218,1468
317,152021,58,0,218,1482
318,152324,58,0,218,1463
319,152627,58,0,218,1479
320,152930,58,0,218,1463
321,153233,58,0,218,1478
322,153536,58,0,218,1473
323,153839,58,0,218,1483
324,154142,58,0,218,1473
325,154445,58,0,218,1475
326,154748,58,0,218,1477
327,155051,58,0,218,1474
328,155354,58,0,218,1485
329,155657,58,0,218,1466
330,155960,58,0,218,1483
331,156263,58,0,218,1463
332,156566,58,0,218,1476
333,156869,58,0,218,1470
334,157172,58,0,218,1470
335,157475,58,0,218,1476
336,157778,58,0,218,1473
337,158081,58,0,218,1484
338,158384,58,0,218,1467
339,158687,58,0,218,1472
340,158990,58,0,218,1442
341,159293,58,0,218,1470
342,159596,58,0,218,1470
343,159899,58,0,218,1477
344,160202,58,0,218,1474
345,160505,58,0,218,1470
346,160808,58,0,218,1472
347,161111,58,0,218,1452
348,161414,58,0,218,1469
349,161717,58,0,218,1465
350,162020,58,0,218,1470
351,162323,58,0,218,1488
352,162626,58,0,218,1471
353,162929,58,0,218,1486
354,163232,58,0,218,1484
355,163535,58,0,218,1479
356,163838,58,0,218,1483
357,164141,58,0,218,1460
358,164444,58,0,218,1485
359,164747,58,0,218,1489
360,165050,58,0,218,1460
361,165353,58,0,218,1476
362,165656,58,0,218,1465
363,165959,58,0,218,1476
364,166262,58,0,218,1482
365,166565,58,0,218,1463
366,166868,58,0,218,1485
367,167171,58,0,218,1469
368,167474,58,0,218,1477
369,167777,58,0,218,1489
370,168080,58,0,218,1470
371,168383,58,0,218,1489
372,168686,58,0,218,1479
373,168989,59,0,218,1473
374,169292,59,0,218,1483
375,169595,59,0,218,1469
376,169898,59,0,218,1483
377,170201,59,0,218,1486
378,170504,59,0,218,1462
379,170807,59,0,218,1487
380,171110,59,0,218,1473
381,171413,59,0,218,1481
382,171716,59,0,218,1484
383,172019,59,0,218,1469
384,172322,59,0,218,1483
385,172625,59,0,218,1479
386,172928,59,0,218,1485
387,173231,59,0,218,1476
388,173534,59,0,218,1480
389,173837,59,0,218,1491
390,174140,59,0,218,1476
391,174443,59,0,218,1491
392,174746,59,0,218,1473
393,175049,59,0,218,1488
394,175352,59,0,218,1483
395,175655,59,0,218,1484
396,175958,59,0,218,1491
397,176261,59,0,218,1477
398,176564,59,0,218,1489
399,176867,59,0,218,1468
400,177170,59,0,218,1485
401,177473,59,0,0,1475
402,177776,59,0,0,1481
403,178079,59,0,0,1491
404,178382,59,0,0,552
405,178685,59,0,0,37
406,178988,59,0,0,4
407,179291,59,0,0,1
408,179594,59,0,0,1
409,179897,57,0,0,1
410,180200,57,0,0,0
411,180503,57,0,0,0
412,180806,57,0,0,0
413,181109,57,0,0,0
414,181412,57,0,0,0
415,181715,54,0,0,0
416,182018,54,0,0,0
417,182321,54,0,0,1
418,182624,54,0,0,0
419,182927,54,0,0,0
420,183230,54,0,0,0
421,183533,50,0,0,0
422,183836,50,0,0,1
423,184139,50,0,0,0
424,184442,50,0,0,0
425,184745,50,0,0,0
426,185048,50,0,0,0
427,185351,45,0,0,0
428,185654,45,0,0,0
429,185957,45,0,0,0
430,186260,45,0,0,0
431,186563,45,0,218,0
432,186866,45,0,218,0
433,187169,40,0,218,0
434,187472,40,0,218,528
435,187775,40,0,218,1509
436,188078,40,0,218,1646
437,188381,40,0,218,1662
438,188684,40,0,218,1637
439,188987,37,0,218,1605
440,189290,37,0,218,1547
441,189593,37,0,218,1509
442,189896,37,0,218,1449
443,190199,37,0,218,1440
444,190502,37,0,218,1419
445,190805,37,0,218,1397
446,191108,37,0,218,1384
447,191411,37,0,218,1352
448,191714,37,0,218,1344
449,192017,37,0,218,1321
450,192320,37,0,218,1305
451,192623,39,0,218,1299
452,192926,39,0,218,1270
453,193229,39,0,218,1228
454,193532,39,0,218,1182
455,193835,39,0,218,1206
456,194138,39,0,218,1213
457,194441,41,0,218,1194
458,194744,41,0,218,1225
459,195047,41,0,218,1225
460,195350,41,0,218,1239
461,195653,41,0,218,1237
462,195956,41,0,218,1236
463,196259,44,0,218,1248
464,196562,44,0,218,1232
465,196865,44,0,218,1249
466,197168,44,0,218,1235
467,197471,44,0,218,1238
468,197774,44,0,218,1243
469,198077,47,0,218,1247
470,198380,47,0,218,1258
471,198683,47,0,218,1220
472,198986,47,0,218,1218
473,199289,47,0,218,1209
474,199592,47,0,218,1216
475,199895,50,0,218,1213
476,200198,50,0,218,1209
477,200501,50,0,218,1221
478,200804,50,0,218,1221
479,201107,50,0,218,1213
480,201410,50,0,218,1177
481,201713,53,0,218,1189
482,202016,53,0,218,1175
483,202319,53,0,218,1194
484,202622,53,0,218,1193
485,202925,53,0,218,1206
486,203228,53,0,218,1208
487,203531,55,0,218,1232
488,203834,55,0,218,1270
489,204137,55,0,218,1270
490,204440,55,0,218,1290
491,204743,55,0,218,1280
492,205046,55,0,218,1298
493,205349,56,0,218,1301
494,205652,56,0,218,1311
495,205955,56,0,218,1336
496,206258,56,0,218,1333
497,206561,56,0,218,1354
498,206864,56,0,218,1360
499,207167,58,0,218,1369
500,207470,58,0,218,1356
501,207773,58,0,218,1372
502,208076,58,0,218,1382
503,208379,58,0,218,1366
504,208682,58,0,218,1385
505,208985,59,0,218,1389
506,209288,59,0,218,1406
507,209591,59,0,218,1378
508,209894,59,0,218,1408
509,210197,59,0,218,1415
510,210500,59,0,218,1423
511,210803,59,0,218,1422
512,211106,59,0,218,1415
513,211409,59,0,218,1417
514,211712,59,0,218,1404
515,212015,59,0,218,1429
516,212318,59,0,218,1418
517,212621,60,0,218,1440
518,212924,60,0,218,1413
519,213227,60,0,218,1431
520,213530,60,0,218,1419
521,213833,60,0,218,1439
522,214136,60,0,218,1436
523,214439,60,0,218,1439
524,214742,60,0,218,1445
525,215045,60,0,218,1423
526,215348,60,0,218,1442
527,215651,60,0,218,1438
528,215954,60,0,218,1444
529,216257,60,0,218,1434
530,216560,60,0,218,1445
531,216863,60,0,218,1447
532,217166,60,0,218,1456
533,217469,60,0,218,1449
534,217772,60,0,218,1453
535,218075,60,0,218,1448
536,218378,60,0,218,1441
537,218681,60,0,218,1457
538,218984,60,0,218,1447
539,219287,60,0,218,1456
540,219590,60,0,218,1436
541,219893,60,0,218,1451
542,220196,60,0,218,1449
543,220499,60,0,218,1457
544,220802,60,0,218,1450
545,221105,60,0,218,1456
546,221408,60,0,218,1464
547,221711,60,0,218,1456
548,222014,60,0,218,1470
549,222317,60,0,218,1460
550,222620,60,0,218,1475
551,222923,60,0,218,1466
552,223226,60,0,218,1470
553,223529,60,0,218,1476
554,223832,60,0,218,1455
555,224135,60,0,218,1475
556,224438,60,0,218,1468
557,224741,60,0,218,1474
558,225044,60,0,218,1466
559,225347,60,0,218,1470
560,225650,60,0,218,1477
561,225953,60,0,218,1468
562,226256,60,0,218,1483
563,226559,60,0,218,1471
564,226862,60,0,218,1483
565,227165,60,0,218,1472
566,227468,60,0,218,1479
567,227771,60,0,218,1472
568,228074,60,0,218,1460
569,228377,60,0,218,1470
570,228680,60,0,218,1449
571,228983,60,0,218,1468
572,229286,60,0,218,1450
573,229589,60,0,218,1469
574,229892,60,0,218,1454
575,230195,60,0,218,1463
576,230498,60,0,218,1462
577,230801,61,0,218,1464
578,231104,61,0,218,1470
579,231407,61,0,218,1449
580,231710,61,0,218,1465
581,232013,61,0,218,1453
582,232316,61,0,218,1464
583,232619,61,0,218,1450
584,232922,61,0,218,1461
585,233225,61,0,218,1454
586,233528,61,0,218,1459
587,233831,61,0,218,1469
588,234134,61,0,218,1445
589,234437,61,0,218,1462
590,234740,61,0,218,1450
591,235043,61,0,218,1459
592,235346,61,0,218,1458
593,235649,61,0,218,1453
594,235952,61,0,218,1464
595,236255,61,0,218,1447
596,236558,61,0,218,1464
597,236861,61,0,218,1444
598,237164,61,0,218,1448
599,237467,61,0,218,1445
600,237770,61,0,218,1453
601,238073,61,0,218,1472
602,238376,61,0,218,1457
603,238679,61,0,218,1474
604,238982,61,0,218,1458
605,239285,61,0,218,1475
606,239588,61,0,218,1473
607,239891,61,0,218,1478
608,240194,61,0,218,1469
609,240497,61,0,218,1475
610,240800,61,0,218,1477
611,241103,61,0,218,1476
612,241406,61,0,218,1488
613,241709,61,0,218,1471
614,242012,61,0,218,1486
615,242315,61,0,218,1469
616,242618,61,0,218,1487
617,242921,61,0,218,1467
618,243224,61,0,218,1483
619,243527,61,0,218,1468
620,243830,61,0,218,1481
621,244133,61,0,218,1470
622,244436,61,0,218,1474
623,244739,61,0,218,1480
624,245042,61,0,218,1462
625,245345,61,0,218,1475
626,245648,61,0,218,1459
627,245951,61,0,218,1473
628,246254,61,0,218,1456
629,246557,61,0,218,1472
630,246860,61,0,218,1452
631,247163,61,0,0,1466
632,247466,61,0,0,1446
633,247769,61,0,0,1466
634,248072,61,0,0,358
635,248375,61,0,0,24
636,248678,61,0,0,3
637,248981,60,0,0,1
638,249284,60,0,0,1
639,249587,60,0,0,0
640,249890,60,0,0,0
641,250193,60,0,0,1
642,250496,60,0,0,0
643,250799,57,0,0,0
644,251102,57,0,0,0
645,251405,57,0,0,0
646,251708,57,0,0,1
647,252011,57,0,0,0
648,252314,57,0,0,0
649,252617,53,0,0,0
650,252920,53,0,0,0
651,253223,53,0,218,0
652,253526,53,0,218,0
653,253829,53,0,218,0
654,254132,53,0,218,454
655,254435,48,0,218,1565
656,254738,48,0,218,1778
657,255041,48,0,218,1786
658,255344,48,0,218,1754
659,255647,48,0,218,1733
660,255950,48,0,218,1697
661,256253,46,0,218,1661
662,256556,46,0,218,1639
663,256859,46,0,218,1607
664,257162,46,0,218,1573
665,257465,46,0,218,1550
666,257768,46,0,218,1472
667,258071,47,0,218,1457
668,258374,47,0,218,1430
669,258677,47,0,218,1404
670,258980,47,0,218,1386
671,259283,47,0,218,1355
672,259586,47,0,218,1341
673,259889,48,0,218,1333
674,260192,48,0,218,1322
675,260495,48,0,218,1298
676,260798,48,0,218,1305
677,261101,48,0,218,1275
678,261404,48,0,218,1285
679,261707,50,0,218,1271
680,262010,50,0,218,1278
681,262313,50,0,218,1265
682,262616,50,0,218,1271
683,262919,50,0,218,1247
684,263222,50,0,218,1249
685,263525,53,0,218,1214
686,263828,53,0,218,1226
687,264131,53,0,218,1218
688,264434,53,0,218,1229
689,264737,53,0,218,1233
690,265040,53,0,218,1235
691,265343,54,0,0,1230
692,265646,54,0,0,1263
693,265949,54,0,0,1280
694,266252,54,0,0,421
695,266555,54,0,0,28
696,266858,54,0,0,3
697,267161,55,0,0,1
698,267464,55,0,0,1
699,267767,55,0,0,0
